ville;année;sexe;categorie;deces_categorie;deces_ville;pourcentage_ville
-1;0;T;0;6794;539327;0,0125972
-1;0;T;1;0;539327;0,00000
-1;0;T;2;127049;539327;0,235570
-1;0;T;3;15598;539327;0,0289212
-1;0;T;4;7151;539327;0,0132591
-1;0;T;5;12825;539327;0,0237796
-1;0;T;6;268529;539327;0,497896
-1;0;T;7;13049;539327;0,0241950
-1;0;T;8;4593;539327;0,00851617
-1;0;T;9;11049;539327;0,0204866
-1;0;T;10;28356;539327;0,0525766
-1;0;T;11;27744;539327;0,0514419
-1;0;F;0;3136;257215;0,0121921
-1;0;F;1;0;257215;0,00000
-1;0;F;2;51612;257215;0,200657
-1;0;F;3;9296;257215;0,0361410
-1;0;F;4;3307;257215;0,0128569
-1;0;F;5;6809;257215;0,0264720
-1;0;F;6;136039;257215;0,528892
-1;0;F;7;6803;257215;0,0264487
-1;0;F;8;2051;257215;0,00797387
-1;0;F;9;2932;257215;0,0113990
-1;0;F;10;13892;257215;0,0540093
-1;0;F;11;14290;257215;0,0555566
-1;0;M;0;3658;282112;0,0129665
-1;0;M;1;0;282112;0,00000
-1;0;M;2;75437;282112;0,267401
-1;0;M;3;6302;282112;0,0223386
-1;0;M;4;3844;282112;0,0136258
-1;0;M;5;6016;282112;0,0213249
-1;0;M;6;132490;282112;0,469636
-1;0;M;7;6246;282112;0,0221401
-1;0;M;8;2542;282112;0,00901061
-1;0;M;9;8117;282112;0,0287723
-1;0;M;10;14464;282112;0,0512704
-1;0;M;11;13454;282112;0,0476903
-1;1;T;0;6920;544421;0,0127108
-1;1;T;1;0;544421;0,00000
-1;1;T;2;128188;544421;0,235457
-1;1;T;3;15628;544421;0,0287057
-1;1;T;4;7972;544421;0,0146431
-1;1;T;5;11421;544421;0,0209783
-1;1;T;6;272515;544421;0,500559
-1;1;T;7;13266;544421;0,0243672
-1;1;T;8;4834;544421;0,00887916
-1;1;T;9;11122;544421;0,0204290
-1;1;T;10;27767;544421;0,0510028
-1;1;T;11;29112;544421;0,0534733
-1;1;F;0;3213;260722;0,0123235
-1;1;F;1;0;260722;0,00000
-1;1;F;2;51812;260722;0,198725
-1;1;F;3;9405;260722;0,0360729
-1;1;F;4;3829;260722;0,0146861
-1;1;F;5;6005;260722;0,0230322
-1;1;F;6;139129;260722;0,533630
-1;1;F;7;7003;260722;0,0268600
-1;1;F;8;2144;260722;0,00822332
-1;1;F;9;2959;260722;0,0113493
-1;1;F;10;13635;260722;0,0522971
-1;1;F;11;15053;260722;0,0577358
-1;1;M;0;3707;283699;0,0130667
-1;1;M;1;0;283699;0,00000
-1;1;M;2;76376;283699;0,269215
-1;1;M;3;6223;283699;0,0219352
-1;1;M;4;4143;283699;0,0146035
-1;1;M;5;5416;283699;0,0190907
-1;1;M;6;133386;283699;0,470167
-1;1;M;7;6263;283699;0,0220762
-1;1;M;8;2690;283699;0,00948188
-1;1;M;9;8163;283699;0,0287735
-1;1;M;10;14132;283699;0,0498134
-1;1;M;11;14059;283699;0,0495560
-1;2;T;0;7089;552140;0,0128391
-1;2;T;1;0;552140;0,00000
-1;2;T;2;130420;552140;0,236208
-1;2;T;3;15825;552140;0,0286612
-1;2;T;4;9493;552140;0,0171931
-1;2;T;5;11712;552140;0,0212120
-1;2;T;6;274193;552140;0,496600
-1;2;T;7;13023;552140;0,0235864
-1;2;T;8;4642;552140;0,00840729
-1;2;T;9;11081;552140;0,0200692
-1;2;T;10;27520;552140;0,0498424
-1;2;T;11;31145;552140;0,0564078
-1;2;F;0;3379;266293;0,0126890
-1;2;F;1;0;266293;0,00000
-1;2;F;2;52747;266293;0,198079
-1;2;F;3;9520;266293;0,0357501
-1;2;F;4;4836;266293;0,0181604
-1;2;F;5;6043;266293;0,0226930
-1;2;F;6;141126;266293;0,529965
-1;2;F;7;6991;266293;0,0262530
-1;2;F;8;2035;266293;0,00764196
-1;2;F;9;2962;266293;0,0111231
-1;2;F;10;13617;266293;0,0511354
-1;2;F;11;16350;266293;0,0613985
-1;2;M;0;3710;285847;0,0129790
-1;2;M;1;0;285847;0,00000
-1;2;M;2;77673;285847;0,271729
-1;2;M;3;6305;285847;0,0220573
-1;2;M;4;4657;285847;0,0162919
-1;2;M;5;5669;285847;0,0198323
-1;2;M;6;133067;285847;0,465518
-1;2;M;7;6032;285847;0,0211022
-1;2;M;8;2607;285847;0,00912026
-1;2;M;9;8119;285847;0,0284033
-1;2;M;10;13903;285847;0,0486379
-1;2;M;11;14795;285847;0,0517585
-1;3;T;0;6855;540364;0,0126859
-1;3;T;1;0;540364;0,00000
-1;3;T;2;130836;540364;0,242126
-1;3;T;3;15367;540364;0,0284382
-1;3;T;4;10077;540364;0,0186485
-1;3;T;5;11174;540364;0,0206787
-1;3;T;6;262814;540364;0,486365
-1;3;T;7;12783;540364;0,0236563
-1;3;T;8;4352;540364;0,00805383
-1;3;T;9;11076;540364;0,0204973
-1;3;T;10;26871;540364;0,0497276
-1;3;T;11;32292;540364;0,0597597
-1;3;F;0;3395;259461;0,0130848
-1;3;F;1;0;259461;0,00000
-1;3;F;2;52742;259461;0,203275
-1;3;F;3;9199;259461;0,0354543
-1;3;F;4;5268;259461;0,0203036
-1;3;F;5;5708;259461;0,0219995
-1;3;F;6;134962;259461;0,520163
-1;3;F;7;6898;259461;0,0265859
-1;3;F;8;2010;259461;0,00774683
-1;3;F;9;2905;259461;0,0111963
-1;3;F;10;13227;259461;0,0509788
-1;3;F;11;16510;259461;0,0636319
-1;3;M;0;3460;280903;0,0123174
-1;3;M;1;0;280903;0,00000
-1;3;M;2;78094;280903;0,278011
-1;3;M;3;6168;280903;0,0219578
-1;3;M;4;4809;280903;0,0171198
-1;3;M;5;5466;280903;0,0194587
-1;3;M;6;127852;280903;0,455146
-1;3;M;7;5885;280903;0,0209503
-1;3;M;8;2342;280903;0,00833740
-1;3;M;9;8171;280903;0,0290883
-1;3;M;10;13644;280903;0,0485719
-1;3;M;11;15782;280903;0,0561831
-1;4;T;0;7116;557092;0,0127735
-1;4;T;1;0;557092;0,00000
-1;4;T;2;132675;557092;0,238156
-1;4;T;3;16477;557092;0,0295768
-1;4;T;4;11404;557092;0,0204706
-1;4;T;5;11841;557092;0,0212550
-1;4;T;6;272183;557092;0,488578
-1;4;T;7;13467;557092;0,0241737
-1;4;T;8;4044;557092;0,00725912
-1;4;T;9;11126;557092;0,0199716
-1;4;T;10;26744;557092;0,0480064
-1;4;T;11;36477;557092;0,0654775
-1;4;F;0;3435;269876;0,0127281
-1;4;F;1;0;269876;0,00000
-1;4;F;2;53592;269876;0,198580
-1;4;F;3;9967;269876;0,0369318
-1;4;F;4;6051;269876;0,0224214
-1;4;F;5;6025;269876;0,0223251
-1;4;F;6;141047;269876;0,522636
-1;4;F;7;7361;269876;0,0272755
-1;4;F;8;1834;269876;0,00679571
-1;4;F;9;2988;269876;0,0110718
-1;4;F;10;13510;269876;0,0500600
-1;4;F;11;18998;269876;0,0703953
-1;4;M;0;3681;287216;0,0128161
-1;4;M;1;0;287216;0,00000
-1;4;M;2;79083;287216;0,275343
-1;4;M;3;6510;287216;0,0226659
-1;4;M;4;5353;287216;0,0186375
-1;4;M;5;5816;287216;0,0202496
-1;4;M;6;131136;287216;0,456576
-1;4;M;7;6106;287216;0,0212593
-1;4;M;8;2210;287216;0,00769456
-1;4;M;9;8138;287216;0,0283341
-1;4;M;10;13234;287216;0,0460768
-1;4;M;11;17479;287216;0,0608566
-1;5;T;0;6876;539816;0,0127377
-1;5;T;1;0;539816;0,00000
-1;5;T;2;134662;539816;0,249459
-1;5;T;3;16022;539816;0,0296805
-1;5;T;4;11550;539816;0,0213962
-1;5;T;5;10004;539816;0,0185322
-1;5;T;6;260378;539816;0,482346
-1;5;T;7;12725;539816;0,0235728
-1;5;T;8;3764;539816;0,00697275
-1;5;T;9;11127;539816;0,0206126
-1;5;T;10;25833;539816;0,0478552
-1;5;T;11;34051;539816;0,0630789
-1;5;F;0;3322;259088;0,0128219
-1;5;F;1;0;259088;0,00000
-1;5;F;2;53769;259088;0,207532
-1;5;F;3;9579;259088;0,0369720
-1;5;F;4;6167;259088;0,0238027
-1;5;F;5;5041;259088;0,0194567
-1;5;F;6;133913;259088;0,516863
-1;5;F;7;7005;259088;0,0270371
-1;5;F;8;1758;259088;0,00678534
-1;5;F;9;2956;259088;0,0114093
-1;5;F;10;13311;259088;0,0513764
-1;5;F;11;17218;259088;0,0664562
-1;5;M;0;3554;280728;0,0126599
-1;5;M;1;0;280728;0,00000
-1;5;M;2;80893;280728;0,288154
-1;5;M;3;6443;280728;0,0229510
-1;5;M;4;5383;280728;0,0191751
-1;5;M;5;4963;280728;0,0176790
-1;5;M;6;126465;280728;0,450489
-1;5;M;7;5720;280728;0,0203756
-1;5;M;8;2006;280728;0,00714571
-1;5;M;9;8171;280728;0,0291065
-1;5;M;10;12522;280728;0,0446055
-1;5;M;11;16833;280728;0,0599620
-1;6;T;0;7231;549751;0,0131532
-1;6;T;1;0;549751;0,00000
-1;6;T;2;135497;549751;0,246470
-1;6;T;3;16320;549751;0,0296862
-1;6;T;4;11609;549751;0,0211168
-1;6;T;5;8876;549751;0,0161455
-1;6;T;6;268972;549751;0,489262
-1;6;T;7;12913;549751;0,0234888
-1;6;T;8;3913;549751;0,00711777
-1;6;T;9;10153;549751;0,0184684
-1;6;T;10;25848;549751;0,0470176
-1;6;T;11;34373;549751;0,0625247
-1;6;F;0;3556;264649;0,0134367
-1;6;F;1;0;264649;0,00000
-1;6;F;2;53491;264649;0,202121
-1;6;F;3;9681;264649;0,0365805
-1;6;F;4;6363;264649;0,0240432
-1;6;F;5;4394;264649;0,0166031
-1;6;F;6;139220;264649;0,526055
-1;6;F;7;7130;264649;0,0269413
-1;6;F;8;1746;264649;0,00659742
-1;6;F;9;2852;264649;0,0107765
-1;6;F;10;13256;264649;0,0500890
-1;6;F;11;17206;264649;0,0650144
-1;6;M;0;3675;285102;0,0128901
-1;6;M;1;0;285102;0,00000
-1;6;M;2;82006;285102;0,287637
-1;6;M;3;6639;285102;0,0232864
-1;6;M;4;5246;285102;0,0184004
-1;6;M;5;4482;285102;0,0157207
-1;6;M;6;129752;285102;0,455107
-1;6;M;7;5783;285102;0,0202840
-1;6;M;8;2167;285102;0,00760079
-1;6;M;9;7301;285102;0,0256084
-1;6;M;10;12592;285102;0,0441666
-1;6;M;11;17167;285102;0,0602135
-1;7;T;0;7036;544118;0,0129310
-1;7;T;1;0;544118;0,00000
-1;7;T;2;136391;544118;0,250664
-1;7;T;3;16347;544118;0,0300431
-1;7;T;4;12347;544118;0,0226918
-1;7;T;5;9227;544118;0,0169577
-1;7;T;6;262450;544118;0,482340
-1;7;T;7;12615;544118;0,0231843
-1;7;T;8;3527;544118;0,00648205
-1;7;T;9;10375;544118;0,0190676
-1;7;T;10;25504;544118;0,0468722
-1;7;T;11;34230;544118;0,0629091
-1;7;F;0;3634;262190;0,0138602
-1;7;F;1;0;262190;0,00000
-1;7;F;2;53796;262190;0,205179
-1;7;F;3;9653;262190;0,0368168
-1;7;F;4;6846;262190;0,0261108
-1;7;F;5;4440;262190;0,0169343
-1;7;F;6;136043;262190;0,518872
-1;7;F;7;7014;262190;0,0267516
-1;7;F;8;1663;262190;0,00634273
-1;7;F;9;2810;262190;0,0107174
-1;7;F;10;13083;262190;0,0498989
-1;7;F;11;17409;262190;0,0663984
-1;7;M;0;3402;281928;0,0120669
-1;7;M;1;0;281928;0,00000
-1;7;M;2;82595;281928;0,292965
-1;7;M;3;6694;281928;0,0237437
-1;7;M;4;5501;281928;0,0195121
-1;7;M;5;4787;281928;0,0169795
-1;7;M;6;126407;281928;0,448366
-1;7;M;7;5601;281928;0,0198668
-1;7;M;8;1864;281928;0,00661162
-1;7;M;9;7565;281928;0,0268331
-1;7;M;10;12421;281928;0,0440573
-1;7;M;11;16821;281928;0,0596642
-1;8;T;0;6596;525079;0,0125619
-1;8;T;1;936;525079;0,00178259
-1;8;T;2;138713;525079;0,264175
-1;8;T;3;15195;525079;0,0289385
-1;8;T;4;11711;525079;0,0223033
-1;8;T;5;9480;525079;0,0180544
-1;8;T;6;246815;525079;0,470053
-1;8;T;7;11980;525079;0,0228156
-1;8;T;8;3346;525079;0,00637237
-1;8;T;9;9512;525079;0,0181154
-1;8;T;10;23904;525079;0,0455246
-1;8;T;11;32886;525079;0,0626306
-1;8;F;0;3315;251258;0,0131936
-1;8;F;1;117;251258;0,000465657
-1;8;F;2;54697;251258;0,217693
-1;8;F;3;9184;251258;0,0365521
-1;8;F;4;6636;251258;0,0264111
-1;8;F;5;4746;251258;0,0188890
-1;8;F;6;127253;251258;0,506463
-1;8;F;7;6723;251258;0,0267574
-1;8;F;8;1479;251258;0,00588638
-1;8;F;9;2569;251258;0,0102246
-1;8;F;10;12159;251258;0,0483925
-1;8;F;11;16574;251258;0,0659641
-1;8;M;0;3281;273821;0,0119823
-1;8;M;1;819;273821;0,00299101
-1;8;M;2;84016;273821;0,306828
-1;8;M;3;6011;273821;0,0219523
-1;8;M;4;5075;273821;0,0185340
-1;8;M;5;4734;273821;0,0172887
-1;8;M;6;119562;273821;0,436643
-1;8;M;7;5257;273821;0,0191987
-1;8;M;8;1867;273821;0,00681832
-1;8;M;9;6943;273821;0,0253560
-1;8;M;10;11745;273821;0,0428930
-1;8;M;11;16312;273821;0,0595718
-1;9;T;0;6561;521980;0,0125694
-1;9;T;1;1361;521980;0,00260738
-1;9;T;2;140253;521980;0,268694
-1;9;T;3;14984;521980;0,0287061
-1;9;T;4;12555;521980;0,0240526
-1;9;T;5;10339;521980;0,0198073
-1;9;T;6;242370;521980;0,464328
-1;9;T;7;11655;521980;0,0223284
-1;9;T;8;3372;521980;0,00646002
-1;9;T;9;10311;521980;0,0197536
-1;9;T;10;24148;521980;0,0462623
-1;9;T;11;31033;521980;0,0594525
-1;9;F;0;3343;251186;0,0133089
-1;9;F;1;195;251186;0,000776317
-1;9;F;2;55354;251186;0,220371
-1;9;F;3;9011;251186;0,0358738
-1;9;F;4;7190;251186;0,0286242
-1;9;F;5;5256;251186;0,0209247
-1;9;F;6;126438;251186;0,503364
-1;9;F;7;6622;251186;0,0263629
-1;9;F;8;1491;251186;0,00593584
-1;9;F;9;2798;251186;0,0111392
-1;9;F;10;12290;251186;0,0489279
-1;9;F;11;15682;251186;0,0624318
-1;9;M;0;3218;270794;0,0118836
-1;9;M;1;1166;270794;0,00430586
-1;9;M;2;84899;270794;0,313519
-1;9;M;3;5973;270794;0,0220574
-1;9;M;4;5365;270794;0,0198121
-1;9;M;5;5083;270794;0,0187707
-1;9;M;6;115932;270794;0,428119
-1;9;M;7;5033;270794;0,0185861
-1;9;M;8;1881;270794;0,00694624
-1;9;M;9;7513;270794;0,0277443
-1;9;M;10;11858;270794;0,0437897
-1;9;M;11;15351;270794;0,0566888
-1;10;T;0;6733;526492;0,0127884
-1;10;T;1;2032;526492;0,00385951
-1;10;T;2;141830;526492;0,269387
-1;10;T;3;15356;526492;0,0291666
-1;10;T;4;12613;526492;0,0239567
-1;10;T;5;11053;526492;0,0209937
-1;10;T;6;241262;526492;0,458244
-1;10;T;7;11891;526492;0,0225853
-1;10;T;8;3306;526492;0,00627930
-1;10;T;9;10323;526492;0,0196071
-1;10;T;10;24972;526492;0,0474309
-1;10;T;11;32330;526492;0,0614064
-1;10;F;0;3487;254064;0,0137249
-1;10;F;1;309;254064;0,00121623
-1;10;F;2;55955;254064;0,220240
-1;10;F;3;9280;254064;0,0365262
-1;10;F;4;7158;254064;0,0281740
-1;10;F;5;5756;254064;0,0226557
-1;10;F;6;126918;254064;0,499551
-1;10;F;7;6743;254064;0,0265406
-1;10;F;8;1497;254064;0,00589222
-1;10;F;9;2768;254064;0,0108949
-1;10;F;10;12615;254064;0,0496528
-1;10;F;11;16351;254064;0,0643578
-1;10;M;0;3246;272428;0,0119151
-1;10;M;1;1723;272428;0,00632461
-1;10;M;2;85875;272428;0,315221
-1;10;M;3;6076;272428;0,0223031
-1;10;M;4;5455;272428;0,0200236
-1;10;M;5;5297;272428;0,0194437
-1;10;M;6;114344;272428;0,419722
-1;10;M;7;5148;272428;0,0188967
-1;10;M;8;1809;272428;0,00664029
-1;10;M;9;7555;272428;0,0277321
-1;10;M;10;12357;272428;0,0453588
-1;10;M;11;15979;272428;0,0586540
-1;11;T;0;6860;523569;0,0131024
-1;11;T;1;2738;523569;0,00522949
-1;11;T;2;141296;523569;0,269871
-1;11;T;3;15859;523569;0,0302902
-1;11;T;4;12896;523569;0,0246309
-1;11;T;5;11272;523569;0,0215292
-1;11;T;6;238727;523569;0,455961
-1;11;T;7;11782;523569;0,0225032
-1;11;T;8;3252;523569;0,00621122
-1;11;T;9;10084;523569;0,0192601
-1;11;T;10;25591;523569;0,0488780
-1;11;T;11;31868;523569;0,0608669
-1;11;F;0;3467;252614;0,0137245
-1;11;F;1;402;252614;0,00159136
-1;11;F;2;55445;252614;0,219485
-1;11;F;3;9653;252614;0,0382125
-1;11;F;4;7421;252614;0,0293768
-1;11;F;5;5865;252614;0,0232172
-1;11;F;6;125728;252614;0,497708
-1;11;F;7;6744;252614;0,0266969
-1;11;F;8;1484;252614;0,00587458
-1;11;F;9;2677;252614;0,0105972
-1;11;F;10;12922;252614;0,0511531
-1;11;F;11;16214;252614;0,0641849
-1;11;M;0;3393;270955;0,0125224
-1;11;M;1;2336;270955;0,00862136
-1;11;M;2;85851;270955;0,316846
-1;11;M;3;6206;270955;0,0229042
-1;11;M;4;5475;270955;0,0202063
-1;11;M;5;5407;270955;0,0199553
-1;11;M;6;112999;270955;0,417040
-1;11;M;7;5038;270955;0,0185935
-1;11;M;8;1768;270955;0,00652507
-1;11;M;9;7407;270955;0,0273366
-1;11;M;10;12669;270955;0,0467568
-1;11;M;11;15654;270955;0,0577734
-1;12;T;0;6877;521998;0,0131744
-1;12;T;1;3515;521998;0,00673374
-1;12;T;2;142698;521998;0,273369
-1;12;T;3;15800;521998;0,0302683
-1;12;T;4;12531;521998;0,0240058
-1;12;T;5;11071;521998;0,0212089
-1;12;T;6;237350;521998;0,454695
-1;12;T;7;11979;521998;0,0229484
-1;12;T;8;3124;521998;0,00598470
-1;12;T;9;9549;521998;0,0182932
-1;12;T;10;24949;521998;0,0477952
-1;12;T;11;31237;521998;0,0598412
-1;12;F;0;3500;251144;0,0139362
-1;12;F;1;506;251144;0,00201478
-1;12;F;2;56042;251144;0,223147
-1;12;F;3;9622;251144;0,0383127
-1;12;F;4;7137;251144;0,0284180
-1;12;F;5;5795;251144;0,0230744
-1;12;F;6;124799;251144;0,496922
-1;12;F;7;6945;251144;0,0276535
-1;12;F;8;1449;251144;0,00576960
-1;12;F;9;2495;251144;0,00993454
-1;12;F;10;12622;251144;0,0502580
-1;12;F;11;15703;251144;0,0625259
-1;12;M;0;3377;270854;0,0124680
-1;12;M;1;3009;270854;0,0111093
-1;12;M;2;86656;270854;0,319936
-1;12;M;3;6178;270854;0,0228093
-1;12;M;4;5394;270854;0,0199148
-1;12;M;5;5276;270854;0,0194791
-1;12;M;6;112551;270854;0,415541
-1;12;M;7;5034;270854;0,0185857
-1;12;M;8;1675;270854;0,00618414
-1;12;M;9;7054;270854;0,0260436
-1;12;M;10;12327;270854;0,0455116
-1;12;M;11;15534;270854;0,0573519
-1;13;T;0;6972;518699;0,0134413
-1;13;T;1;4095;518699;0,00789475
-1;13;T;2;143941;518699;0,277504
-1;13;T;3;15444;518699;0,0297745
-1;13;T;4;12171;518699;0,0234645
-1;13;T;5;11179;518699;0,0215520
-1;13;T;6;233815;518699;0,450772
-1;13;T;7;11549;518699;0,0222653
-1;13;T;8;2769;518699;0,00533836
-1;13;T;9;8932;518699;0,0172200
-1;13;T;10;24773;518699;0,0477599
-1;13;T;11;31632;518699;0,0609833
-1;13;F;0;3609;249022;0,0144927
-1;13;F;1;672;249022;0,00269856
-1;13;F;2;56544;249022;0,227064
-1;13;F;3;9402;249022;0,0377557
-1;13;F;4;6980;249022;0,0280297
-1;13;F;5;5851;249022;0,0234959
-1;13;F;6;122936;249022;0,493675
-1;13;F;7;6617;249022;0,0265719
-1;13;F;8;1234;249022;0,00495539
-1;13;F;9;2352;249022;0,00944495
-1;13;F;10;12330;249022;0,0495137
-1;13;F;11;15896;249022;0,0638337
-1;13;M;0;3363;269677;0,0124705
-1;13;M;1;3423;269677;0,0126930
-1;13;M;2;87397;269677;0,324080
-1;13;M;3;6042;269677;0,0224046
-1;13;M;4;5191;269677;0,0192490
-1;13;M;5;5328;269677;0,0197570
-1;13;M;6;110879;269677;0,411155
-1;13;M;7;4932;269677;0,0182885
-1;13;M;8;1535;269677;0,00569199
-1;13;M;9;6580;269677;0,0243996
-1;13;M;10;12443;269677;0,0461404
-1;13;M;11;15736;269677;0,0583513
-1;14;T;0;7219;529715;0,0136281
-1;14;T;1;4517;529715;0,00852723
-1;14;T;2;145935;529715;0,275497
-1;14;T;3;16214;529715;0,0306089
-1;14;T;4;12902;529715;0,0243565
-1;14;T;5;11567;529715;0,0218363
-1;14;T;6;239662;529715;0,452436
-1;14;T;7;12213;529715;0,0230558
-1;14;T;8;2963;529715;0,00559357
-1;14;T;9;8844;529715;0,0166958
-1;14;T;10;24478;529715;0,0462098
-1;14;T;11;32619;529715;0,0615784
-1;14;F;0;3770;255693;0,0147442
-1;14;F;1;805;255693;0,00314831
-1;14;F;2;57570;255693;0,225153
-1;14;F;3;9915;255693;0,0387770
-1;14;F;4;7551;255693;0,0295315
-1;14;F;5;6163;255693;0,0241031
-1;14;F;6;126150;255693;0,493365
-1;14;F;7;7137;255693;0,0279124
-1;14;F;8;1303;255693;0,00509595
-1;14;F;9;2395;255693;0,00936670
-1;14;F;10;12257;255693;0,0479364
-1;14;F;11;16332;255693;0,0638735
-1;14;M;0;3449;274022;0,0125866
-1;14;M;1;3712;274022;0,0135464
-1;14;M;2;88365;274022;0,322474
-1;14;M;3;6299;274022;0,0229872
-1;14;M;4;5351;274022;0,0195276
-1;14;M;5;5404;274022;0,0197210
-1;14;M;6;113512;274022;0,414244
-1;14;M;7;5076;274022;0,0185241
-1;14;M;8;1660;274022;0,00605791
-1;14;M;9;6449;274022;0,0235346
-1;14;M;10;12221;274022;0,0445986
-1;14;M;11;16287;274022;0,0594368
-1;15;T;0;7418;517560;0,0143326
-1;15;T;1;4807;517560;0,00928781
-1;15;T;2;144275;517560;0,278760
-1;15;T;3;16031;517560;0,0309742
-1;15;T;4;13091;517560;0,0252937
-1;15;T;5;12004;517560;0,0231934
-1;15;T;6;229297;517560;0,443035
-1;15;T;7;12211;517560;0,0235934
-1;15;T;8;2975;517560;0,00574813
-1;15;T;9;8353;517560;0,0161392
-1;15;T;10;23574;517560;0,0455483
-1;15;T;11;32614;517560;0,0630149
-1;15;F;0;3828;248355;0,0154134
-1;15;F;1;858;248355;0,00345473
-1;15;F;2;56924;248355;0,229204
-1;15;F;3;9605;248355;0,0386745
-1;15;F;4;7598;248355;0,0305933
-1;15;F;5;6392;248355;0,0257374
-1;15;F;6;120080;248355;0,483501
-1;15;F;7;7057;248355;0,0284150
-1;15;F;8;1395;248355;0,00561696
-1;15;F;9;2353;248355;0,00947434
-1;15;F;10;11685;248355;0,0470496
-1;15;F;11;16269;248355;0,0655070
-1;15;M;0;3590;269205;0,0133356
-1;15;M;1;3949;269205;0,0146691
-1;15;M;2;87351;269205;0,324478
-1;15;M;3;6426;269205;0,0238703
-1;15;M;4;5493;269205;0,0204045
-1;15;M;5;5612;269205;0,0208466
-1;15;M;6;109217;269205;0,405702
-1;15;M;7;5154;269205;0,0191453
-1;15;M;8;1580;269205;0,00586913
-1;15;M;9;6000;269205;0,0222878
-1;15;M;10;11889;269205;0,0441634
-1;15;M;11;16345;269205;0,0607158
-1;16;T;0;7776;529370;0,0146892
-1;16;T;1;4696;529370;0,00887092
-1;16;T;2;146225;529370;0,276225
-1;16;T;3;16733;529370;0,0316093
-1;16;T;4;13246;529370;0,0250222
-1;16;T;5;12492;529370;0,0235979
-1;16;T;6;236974;529370;0,447653
-1;16;T;7;12492;529370;0,0235979
-1;16;T;8;2877;529370;0,00543476
-1;16;T;9;8166;529370;0,0154259
-1;16;T;10;23805;529370;0,0449685
-1;16;T;11;33565;529370;0,0634056
-1;16;F;0;4013;255727;0,0156925
-1;16;F;1;864;255727;0,00337860
-1;16;F;2;58095;255727;0,227176
-1;16;F;3;10134;255727;0,0396282
-1;16;F;4;7848;255727;0,0306890
-1;16;F;5;6684;255727;0,0261372
-1;16;F;6;123895;255727;0,484481
-1;16;F;7;7259;255727;0,0283857
-1;16;F;8;1356;255727;0,00530253
-1;16;F;9;2272;255727;0,00888447
-1;16;F;10;11865;255727;0,0463971
-1;16;F;11;17126;255727;0,0669699
-1;16;M;0;3763;273643;0,0137515
-1;16;M;1;3832;273643;0,0140036
-1;16;M;2;88130;273643;0,322062
-1;16;M;3;6599;273643;0,0241154
-1;16;M;4;5398;273643;0,0197264
-1;16;M;5;5808;273643;0,0212247
-1;16;M;6;113079;273643;0,413235
-1;16;M;7;5233;273643;0,0191235
-1;16;M;8;1521;273643;0,00555834
-1;16;M;9;5894;273643;0,0215390
-1;16;M;10;11940;273643;0,0436335
-1;16;M;11;16439;273643;0,0600746
-1;17;T;0;7384;533806;0,0138327
-1;17;T;1;3465;533806;0,00649112
-1;17;T;2;147414;533806;0,276157
-1;17;T;3;16776;533806;0,0314271
-1;17;T;4;13266;533806;0,0248517
-1;17;T;5;12920;533806;0,0242035
-1;17;T;6;241468;533806;0,452352
-1;17;T;7;12395;533806;0,0232200
-1;17;T;8;2922;533806;0,00547390
-1;17;T;9;7804;533806;0,0146195
-1;17;T;10;23651;533806;0,0443064
-1;17;T;11;33674;533806;0,0630828
-1;17;F;0;3777;258316;0,0146216
-1;17;F;1;707;258316;0,00273696
-1;17;F;2;58406;258316;0,226103
-1;17;F;3;9985;258316;0,0386542
-1;17;F;4;7910;258316;0,0306214
-1;17;F;5;6980;258316;0,0270212
-1;17;F;6;126300;258316;0,488936
-1;17;F;7;7180;258316;0,0277954
-1;17;F;8;1340;258316;0,00518744
-1;17;F;9;2171;258316;0,00840443
-1;17;F;10;11802;258316;0,0456882
-1;17;F;11;17345;258316;0,0671464
-1;17;M;0;3607;275490;0,0130930
-1;17;M;1;2758;275490;0,0100113
-1;17;M;2;89008;275490;0,323090
-1;17;M;3;6791;275490;0,0246506
-1;17;M;4;5356;275490;0,0194417
-1;17;M;5;5940;275490;0,0215616
-1;17;M;6;115168;275490;0,418048
-1;17;M;7;5215;275490;0,0189299
-1;17;M;8;1582;275490;0,00574250
-1;17;M;9;5633;275490;0,0204472
-1;17;M;10;11849;275490;0,0430106
-1;17;M;11;16329;275490;0,0592726
-1;18;T;0;7286;528178;0,0137946
-1;18;T;1;1267;528178;0,00239881
-1;18;T;2;146436;528178;0,277247
-1;18;T;3;16900;528178;0,0319968
-1;18;T;4;13655;528178;0,0258530
-1;18;T;5;13665;528178;0,0258720
-1;18;T;6;238344;528178;0,451257
-1;18;T;7;12471;528178;0,0236114
-1;18;T;8;2969;528178;0,00562121
-1;18;T;9;7703;528178;0,0145841
-1;18;T;10;23554;528178;0,0445948
-1;18;T;11;33482;528178;0,0633915
-1;18;F;0;3780;256753;0,0147223
-1;18;F;1;248;256753;0,000965909
-1;18;F;2;57946;256753;0,225688
-1;18;F;3;10274;256753;0,0400151
-1;18;F;4;8320;256753;0,0324047
-1;18;F;5;7458;256753;0,0290474
-1;18;F;6;124754;256753;0,485891
-1;18;F;7;7306;256753;0,0284554
-1;18;F;8;1362;256753;0,00530471
-1;18;F;9;2024;256753;0,00788306
-1;18;F;10;11643;256753;0,0453471
-1;18;F;11;17314;256753;0,0674345
-1;18;M;0;3506;271425;0,0129170
-1;18;M;1;1019;271425;0,00375426
-1;18;M;2;88490;271425;0,326020
-1;18;M;3;6626;271425;0,0244119
-1;18;M;4;5335;271425;0,0196555
-1;18;M;5;6207;271425;0,0228682
-1;18;M;6;113590;271425;0,418495
-1;18;M;7;5165;271425;0,0190292
-1;18;M;8;1607;271425;0,00592060
-1;18;M;9;5679;271425;0,0209229
-1;18;M;10;11911;271425;0,0438832
-1;18;M;11;16168;271425;0,0595671
-1;19;T;0;6950;531852;0,0130675
-1;19;T;1;992;531852;0,00186518
-1;19;T;2;147247;531852;0,276857
-1;19;T;3;18993;531852;0,0357111
-1;19;T;4;14554;531852;0,0273648
-1;19;T;5;15510;531852;0,0291622
-1;19;T;6;235010;531852;0,441871
-1;19;T;7;12672;531852;0,0238262
-1;19;T;8;2752;531852;0,00517437
-1;19;T;9;8231;531852;0,0154761
-1;19;T;10;24472;531852;0,0460128
-1;19;T;11;31943;531852;0,0600599
-1;19;F;0;3692;259010;0,0142543
-1;19;F;1;210;259010;0,000810780
-1;19;F;2;58189;259010;0,224659
-1;19;F;3;11327;259010;0,0437319
-1;19;F;4;8750;259010;0,0337825
-1;19;F;5;8655;259010;0,0334157
-1;19;F;6;122883;259010;0,474433
-1;19;F;7;7488;259010;0,0289101
-1;19;F;8;1328;259010;0,00512722
-1;19;F;9;2300;259010;0,00887997
-1;19;F;10;12357;259010;0,0477086
-1;19;F;11;16451;259010;0,0635149
-1;19;M;0;3258;272842;0,0119410
-1;19;M;1;782;272842;0,00286613
-1;19;M;2;89058;272842;0,326409
-1;19;M;3;7666;272842;0,0280968
-1;19;M;4;5804;272842;0,0212724
-1;19;M;5;6855;272842;0,0251244
-1;19;M;6;112127;272842;0,410959
-1;19;M;7;5184;272842;0,0190000
-1;19;M;8;1424;272842;0,00521914
-1;19;M;9;5931;272842;0,0217379
-1;19;M;10;12115;272842;0,0444030
-1;19;M;11;15492;272842;0,0567801
-1;20;T;0;6825;535385;0,0127478
-1;20;T;1;963;535385;0,00179871
-1;20;T;2;148199;535385;0,276808
-1;20;T;3;20126;535385;0,0375916
-1;20;T;4;15875;535385;0,0296516
-1;20;T;5;16841;535385;0,0314559
-1;20;T;6;233460;535385;0,436060
-1;20;T;7;13213;535385;0,0246794
-1;20;T;8;2881;535385;0,00538117
-1;20;T;9;7957;535385;0,0148622
-1;20;T;10;24762;535385;0,0462508
-1;20;T;11;33870;535385;0,0632629
-1;20;F;0;3618;261955;0,0138115
-1;20;F;1;208;261955;0,000794030
-1;20;F;2;59265;261955;0,226241
-1;20;F;3;11793;261955;0,0450192
-1;20;F;4;9641;261955;0,0368040
-1;20;F;5;9612;261955;0,0366933
-1;20;F;6;121905;261955;0,465366
-1;20;F;7;7702;261955;0,0294020
-1;20;F;8;1346;261955;0,00513829
-1;20;F;9;2143;261955;0,00818079
-1;20;F;10;12621;261955;0,0481800
-1;20;F;11;17755;261955;0,0677788
-1;20;M;0;3207;273430;0,0117288
-1;20;M;1;755;273430;0,00276122
-1;20;M;2;88934;273430;0,325253
-1;20;M;3;8333;273430;0,0304758
-1;20;M;4;6234;273430;0,0227993
-1;20;M;5;7229;273430;0,0264382
-1;20;M;6;111555;273430;0,407984
-1;20;M;7;5511;273430;0,0201551
-1;20;M;8;1535;273430;0,00561387
-1;20;M;9;5814;273430;0,0212632
-1;20;M;10;12141;273430;0,0444026
-1;20;M;11;16115;273430;0,0589365
-1;21;T;0;9539;528763;0,0180402
-1;21;T;1;998;528763;0,00188742
-1;21;T;2;149403;528763;0,282552
-1;21;T;3;21217;528763;0,0401257
-1;21;T;4;17305;528763;0,0327273
-1;21;T;5;20047;528763;0,0379130
-1;21;T;6;220594;528763;0,417189
-1;21;T;7;13299;528763;0,0251512
-1;21;T;8;3125;528763;0,00591002
-1;21;T;9;7346;528763;0,0138928
-1;21;T;10;22269;528763;0,0421153
-1;21;T;11;31068;528763;0,0587560
-1;21;F;0;4942;258051;0,0191513
-1;21;F;1;207;258051;0,000802167
-1;21;F;2;59779;258051;0,231656
-1;21;F;3;12390;258051;0,0480138
-1;21;F;4;10309;258051;0,0399495
-1;21;F;5;11306;258051;0,0438130
-1;21;F;6;114987;258051;0,445598
-1;21;F;7;7827;258051;0,0303312
-1;21;F;8;1391;258051;0,00539041
-1;21;F;9;1880;258051;0,00728538
-1;21;F;10;11596;258051;0,0449369
-1;21;F;11;15685;258051;0,0607826
-1;21;M;0;4597;270712;0,0169811
-1;21;M;1;791;270712;0,00292192
-1;21;M;2;89624;270712;0,331068
-1;21;M;3;8827;270712;0,0326066
-1;21;M;4;6996;270712;0,0258430
-1;21;M;5;8741;270712;0,0322889
-1;21;M;6;105607;270712;0,390108
-1;21;M;7;5472;270712;0,0202134
-1;21;M;8;1734;270712;0,00640533
-1;21;M;9;5466;270712;0,0201912
-1;21;M;10;10673;270712;0,0394257
-1;21;M;11;15383;270712;0,0568242
-1;22;T;0;9072;529095;0,0171463
-1;22;T;1;999;529095;0,00188813
-1;22;T;2;150577;529095;0,284594
-1;22;T;3;21563;529095;0,0407545
-1;22;T;4;17674;529095;0,0334042
-1;22;T;5;21332;529095;0,0403179
-1;22;T;6;215609;529095;0,407505
-1;22;T;7;13530;529095;0,0255720
-1;22;T;8;3240;529095;0,00612366
-1;22;T;9;7484;529095;0,0141449
-1;22;T;10;22307;529095;0,0421607
-1;22;T;11;31843;529095;0,0601839
-1;22;F;0;4781;258089;0,0185246
-1;22;F;1;209;258089;0,000809798
-1;22;F;2;60376;258089;0,233935
-1;22;F;3;12531;258089;0,0485530
-1;22;F;4;10434;258089;0,0404279
-1;22;F;5;12039;258089;0,0466467
-1;22;F;6;112215;258089;0,434792
-1;22;F;7;7955;258089;0,0308227
-1;22;F;8;1477;258089;0,00572283
-1;22;F;9;2012;258089;0,00779576
-1;22;F;10;11628;258089;0,0450542
-1;22;F;11;16220;258089;0,0628465
-1;22;M;0;4291;271006;0,0158336
-1;22;M;1;790;271006;0,00291506
-1;22;M;2;90201;271006;0,332838
-1;22;M;3;9032;271006;0,0333277
-1;22;M;4;7240;271006;0,0267153
-1;22;M;5;9293;271006;0,0342908
-1;22;M;6;103394;271006;0,381519
-1;22;M;7;5575;271006;0,0205715
-1;22;M;8;1763;271006;0,00650539
-1;22;M;9;5472;271006;0,0201914
-1;22;M;10;10679;271006;0,0394050
-1;22;M;11;15623;271006;0,0576482
-1;23;T;0;9285;533107;0,0174168
-1;23;T;1;984;533107;0,00184578
-1;23;T;2;152318;533107;0,285718
-1;23;T;3;21864;533107;0,0410124
-1;23;T;4;17881;533107;0,0335411
-1;23;T;5;22586;533107;0,0423667
-1;23;T;6;215028;533107;0,403349
-1;23;T;7;14053;533107;0,0263606
-1;23;T;8;2984;533107;0,00559738
-1;23;T;9;7128;533107;0,0133707
-1;23;T;10;22270;533107;0,0417740
-1;23;T;11;33358;533107;0,0625728
-1;23;F;0;4807;261444;0,0183863
-1;23;F;1;219;261444;0,000837655
-1;23;F;2;61563;261444;0,235473
-1;23;F;3;12826;261444;0,0490583
-1;23;F;4;10643;261444;0,0407085
-1;23;F;5;13050;261444;0,0499151
-1;23;F;6;112061;261444;0,428623
-1;23;F;7;8259;261444;0,0315899
-1;23;F;8;1374;261444;0,00525543
-1;23;F;9;1846;261444;0,00706079
-1;23;F;10;11603;261444;0,0443804
-1;23;F;11;17224;261444;0,0658803
-1;23;M;0;4478;271663;0,0164837
-1;23;M;1;765;271663;0,00281599
-1;23;M;2;90755;271663;0,334072
-1;23;M;3;9038;271663;0,0332692
-1;23;M;4;7238;271663;0,0266433
-1;23;M;5;9536;271663;0,0351023
-1;23;M;6;102967;271663;0,379025
-1;23;M;7;5794;271663;0,0213279
-1;23;M;8;1610;271663;0,00592646
-1;23;M;9;5282;271663;0,0194432
-1;23;M;10;10667;271663;0,0392656
-1;23;M;11;16134;271663;0,0593898
-1;24;T;0;10065;550343;0,0182886
-1;24;T;1;943;550343;0,00171348
-1;24;T;2;153082;550343;0,278157
-1;24;T;3;25008;550343;0,0454408
-1;24;T;4;19026;550343;0,0345712
-1;24;T;5;25506;550343;0,0463456
-1;24;T;6;219588;550343;0,399002
-1;24;T;7;14446;550343;0,0262491
-1;24;T;8;3006;550343;0,00546205
-1;24;T;9;5892;550343;0,0107061
-1;24;T;10;24133;550343;0,0438508
-1;24;T;11;36027;550343;0,0654628
-1;24;F;0;5395;272637;0,0197882
-1;24;F;1;220;272637;0,000806934
-1;24;F;2;62019;272637;0,227478
-1;24;F;3;14984;272637;0,0549595
-1;24;F;4;11389;272637;0,0417735
-1;24;F;5;14895;272637;0,0546331
-1;24;F;6;114710;272637;0,420743
-1;24;F;7;8564;272637;0,0314117
-1;24;F;8;1374;272637;0,00503967
-1;24;F;9;1455;272637;0,00533677
-1;24;F;10;12750;272637;0,0467655
-1;24;F;11;18726;272637;0,0686847
-1;24;M;0;4670;277706;0,0168163
-1;24;M;1;723;277706;0,00260347
-1;24;M;2;91063;277706;0,327912
-1;24;M;3;10024;277706;0,0360957
-1;24;M;4;7637;277706;0,0275003
-1;24;M;5;10611;277706;0,0382095
-1;24;M;6;104878;277706;0,377658
-1;24;M;7;5882;277706;0,0211807
-1;24;M;8;1632;277706;0,00587672
-1;24;M;9;4437;277706;0,0159773
-1;24;M;10;11383;277706;0,0409894
-1;24;M;11;17301;277706;0,0622997
-1;25;T;0;8573;507506;0,0168924
-1;25;T;1;910;507506;0,00179308
-1;25;T;2;152310;507506;0,300115
-1;25;T;3;20903;507506;0,0411877
-1;25;T;4;16014;507506;0,0315543
-1;25;T;5;23367;507506;0,0460428
-1;25;T;6;199816;507506;0,393721
-1;25;T;7;13145;507506;0,0259012
-1;25;T;8;2946;507506;0,00580486
-1;25;T;9;5222;507506;0,0102895
-1;25;T;10;20642;507506;0,0406734
-1;25;T;11;31944;507506;0,0629431
-1;25;F;0;4439;245666;0,0180692
-1;25;F;1;219;245666;0,000891454
-1;25;F;2;61842;245666;0,251732
-1;25;F;3;11824;245666;0,0481304
-1;25;F;4;9287;245666;0,0378034
-1;25;F;5;13618;245666;0,0554330
-1;25;F;6;102704;245666;0,418064
-1;25;F;7;7526;245666;0,0306351
-1;25;F;8;1360;245666;0,00553597
-1;25;F;9;1317;245666;0,00536094
-1;25;F;10;10427;245666;0,0424438
-1;25;F;11;15970;245666;0,0650070
-1;25;M;0;4134;261840;0,0157883
-1;25;M;1;691;261840;0,00263902
-1;25;M;2;90468;261840;0,345509
-1;25;M;3;9079;261840;0,0346738
-1;25;M;4;6727;261840;0,0256913
-1;25;M;5;9749;261840;0,0372327
-1;25;M;6;97112;261840;0,370883
-1;25;M;7;5619;261840;0,0214597
-1;25;M;8;1586;261840;0,00605713
-1;25;M;9;3905;261840;0,0149137
-1;25;M;10;10215;261840;0,0390124
-1;25;M;11;15974;261840;0,0610067
-1;26;T;0;9036;525663;0,0171897
-1;26;T;1;817;525663;0,00155423
-1;26;T;2;155014;525663;0,294892
-1;26;T;3;21365;525663;0,0406439
-1;26;T;4;17052;525663;0,0324390
-1;26;T;5;26332;525663;0,0500929
-1;26;T;6;207383;525663;0,394517
-1;26;T;7;13685;525663;0,0260338
-1;26;T;8;2830;525663;0,00538368
-1;26;T;9;5224;525663;0,00993793
-1;26;T;10;21136;525663;0,0402083
-1;26;T;11;32932;525663;0,0626485
-1;26;F;0;4694;256292;0,0183150
-1;26;F;1;199;256292;0,000776458
-1;26;F;2;63130;256292;0,246321
-1;26;F;3;12149;256292;0,0474030
-1;26;F;4;9862;256292;0,0384795
-1;26;F;5;15386;256292;0,0600331
-1;26;F;6;107324;256292;0,418757
-1;26;F;7;7861;256292;0,0306720
-1;26;F;8;1289;256292;0,00502942
-1;26;F;9;1332;256292;0,00519720
-1;26;F;10;10695;256292;0,0417297
-1;26;F;11;16535;256292;0,0645163
-1;26;M;0;4342;269371;0,0161190
-1;26;M;1;618;269371;0,00229423
-1;26;M;2;91884;269371;0,341106
-1;26;M;3;9216;269371;0,0342130
-1;26;M;4;7190;269371;0,0266918
-1;26;M;5;10946;269371;0,0406354
-1;26;M;6;100059;269371;0,371454
-1;26;M;7;5824;269371;0,0216207
-1;26;M;8;1541;269371;0,00572073
-1;26;M;9;3892;269371;0,0144485
-1;26;M;10;10441;269371;0,0387607
-1;26;M;11;16397;269371;0,0608714
-1;27;T;0;8959;514184;0,0174237
-1;27;T;1;790;514184;0,00153641
-1;27;T;2;155057;514184;0,301559
-1;27;T;3;20888;514184;0,0406236
-1;27;T;4;16542;514184;0,0321714
-1;27;T;5;27156;514184;0,0528138
-1;27;T;6;198483;514184;0,386016
-1;27;T;7;13612;514184;0,0264730
-1;27;T;8;2902;514184;0,00564389
-1;27;T;9;4666;514184;0,00907457
-1;27;T;10;20930;514184;0,0407053
-1;27;T;11;31990;514184;0,0622151
-1;27;F;0;4545;249904;0,0181870
-1;27;F;1;182;249904;0,000728280
-1;27;F;2;63506;249904;0,254122
-1;27;F;3;11909;249904;0,0476543
-1;27;F;4;9540;249904;0,0381747
-1;27;F;5;16015;249904;0,0640846
-1;27;F;6;102060;249904;0,408397
-1;27;F;7;7779;249904;0,0311280
-1;27;F;8;1311;249904;0,00524601
-1;27;F;9;1135;249904;0,00454174
-1;27;F;10;10386;249904;0,0415600
-1;27;F;11;16073;249904;0,0643167
-1;27;M;0;4414;264280;0,0167020
-1;27;M;1;608;264280;0,00230059
-1;27;M;2;91551;264280;0,346417
-1;27;M;3;8979;264280;0,0339753
-1;27;M;4;7002;264280;0,0264946
-1;27;M;5;11141;264280;0,0421560
-1;27;M;6;96423;264280;0,364852
-1;27;M;7;5833;264280;0,0220713
-1;27;M;8;1591;264280;0,00602013
-1;27;M;9;3531;264280;0,0133608
-1;27;M;10;10544;264280;0,0398971
-1;27;M;11;15917;264280;0,0602278
-1;28;T;0;9112;518620;0,0175697
-1;28;T;1;718;518620;0,00138444
-1;28;T;2;155668;518620;0,300158
-1;28;T;3;20800;518620;0,0401064
-1;28;T;4;16811;518620;0,0324149
-1;28;T;5;28408;518620;0,0547761
-1;28;T;6;199596;518620;0,384860
-1;28;T;7;13568;518620;0,0261617
-1;28;T;8;2916;518620;0,00562261
-1;28;T;9;4488;518620;0,00865373
-1;28;T;10;21341;518620;0,0411496
-1;28;T;11;32672;518620;0,0629980
-1;28;F;0;4594;252053;0,0182263
-1;28;F;1;174;252053;0,000690331
-1;28;F;2;63506;252053;0,251955
-1;28;F;3;11729;252053;0,0465339
-1;28;F;4;9605;252053;0,0381071
-1;28;F;5;17059;252053;0,0676802
-1;28;F;6;102529;252053;0,406776
-1;28;F;7;7893;252053;0,0313148
-1;28;F;8;1289;252053;0,00511400
-1;28;F;9;1078;252053;0,00427688
-1;28;F;10;10554;252053;0,0418721
-1;28;F;11;16418;252053;0,0651371
-1;28;M;0;4518;266567;0,0169488
-1;28;M;1;544;266567;0,00204076
-1;28;M;2;92162;266567;0,345737
-1;28;M;3;9071;266567;0,0340290
-1;28;M;4;7206;266567;0,0270326
-1;28;M;5;11349;266567;0,0425747
-1;28;M;6;97067;266567;0,364137
-1;28;M;7;5675;266567;0,0212892
-1;28;M;8;1627;266567;0,00610353
-1;28;M;9;3410;266567;0,0127923
-1;28;M;10;10787;266567;0,0404664
-1;28;M;11;16254;266567;0,0609753
-1;29;T;0;9963;530642;0,0187754
-1;29;T;1;637;530642;0,00120043
-1;29;T;2;157816;530642;0,297406
-1;29;T;3;21598;530642;0,0407016
-1;29;T;4;17379;530642;0,0327509
-1;29;T;5;30547;530642;0,0575661
-1;29;T;6;202234;530642;0,381112
-1;29;T;7;14284;530642;0,0269183
-1;29;T;8;2850;530642;0,00537085
-1;29;T;9;4237;530642;0,00798467
-1;29;T;10;21708;530642;0,0409089
-1;29;T;11;33921;530642;0,0639245
-1;29;F;0;5189;260183;0,0199437
-1;29;F;1;160;260183;0,000614952
-1;29;F;2;65646;260183;0,252307
-1;29;F;3;12092;260183;0,0464750
-1;29;F;4;9885;260183;0,0379925
-1;29;F;5;18465;260183;0,0709693
-1;29;F;6;104488;260183;0,401594
-1;29;F;7;8027;260183;0,0308514
-1;29;F;8;1362;260183;0,00523478
-1;29;F;9;993;260183;0,00381654
-1;29;F;10;10690;260183;0,0410865
-1;29;F;11;16948;260183;0,0651388
-1;29;M;0;4774;270459;0,0176515
-1;29;M;1;477;270459;0,00176367
-1;29;M;2;92170;270459;0,340791
-1;29;M;3;9506;270459;0,0351477
-1;29;M;4;7494;270459;0,0277085
-1;29;M;5;12082;270459;0,0446722
-1;29;M;6;97746;270459;0,361408
-1;29;M;7;6257;270459;0,0231347
-1;29;M;8;1488;270459;0,00550176
-1;29;M;9;3244;270459;0,0119944
-1;29;M;10;11018;270459;0,0407382
-1;29;M;11;16973;270459;0,0627563
-1;30;T;0;10302;535366;0,0192429
-1;30;T;1;497;535366;0,000928337
-1;30;T;2;159444;535366;0,297822
-1;30;T;3;21724;535366;0,0405778
-1;30;T;4;17541;535366;0,0327645
-1;30;T;5;31392;535366;0,0586365
-1;30;T;6;201635;535366;0,376630
-1;30;T;7;14573;535366;0,0272206
-1;30;T;8;2853;535366;0,00532906
-1;30;T;9;4306;535366;0,00804310
-1;30;T;10;22126;535366;0,0413287
-1;30;T;11;34208;535366;0,0638965
-1;30;F;0;5415;263113;0,0205805
-1;30;F;1;116;263113;0,000440875
-1;30;F;2;66310;263113;0,252021
-1;30;F;3;12363;263113;0,0469874
-1;30;F;4;10059;263113;0,0382307
-1;30;F;5;19060;263113;0,0724404
-1;30;F;6;104605;263113;0,397567
-1;30;F;7;8064;263113;0,0306484
-1;30;F;8;1343;263113;0,00510427
-1;30;F;9;1044;263113;0,00396788
-1;30;F;10;10793;263113;0,0410204
-1;30;F;11;17010;263113;0,0646490
-1;30;M;0;4887;272253;0,0179502
-1;30;M;1;381;272253;0,00139943
-1;30;M;2;93134;272253;0,342086
-1;30;M;3;9361;272253;0,0343835
-1;30;M;4;7482;272253;0,0274818
-1;30;M;5;12332;272253;0,0452961
-1;30;M;6;97030;272253;0,356396
-1;30;M;7;6509;272253;0,0239079
-1;30;M;8;1510;272253;0,00554631
-1;30;M;9;3262;272253;0,0119815
-1;30;M;10;11333;272253;0,0416267
-1;30;M;11;17198;272253;0,0631692
-1;31;T;0;10266;539083;0,0190434
-1;31;T;1;452;539083;0,000838461
-1;31;T;2;158848;539083;0,294663
-1;31;T;3;21517;539083;0,0399141
-1;31;T;4;17929;539083;0,0332583
-1;31;T;5;32210;539083;0,0597496
-1;31;T;6;197761;539083;0,366847
-1;31;T;7;14848;539083;0,0275431
-1;31;T;8;2800;539083;0,00519401
-1;31;T;9;3926;539083;0,00728274
-1;31;T;10;22756;539083;0,0422124
-1;31;T;11;34078;539083;0,0632148
-1;31;F;0;5308;264483;0,0200693
-1;31;F;1;122;264483;0,000461277
-1;31;F;2;66366;264483;0,250927
-1;31;F;3;12271;264483;0,0463962
-1;31;F;4;10088;264483;0,0381423
-1;31;F;5;19575;264483;0,0740123
-1;31;F;6;101801;264483;0,384906
-1;31;F;7;8309;264483;0,0314160
-1;31;F;8;1305;264483;0,00493415
-1;31;F;9;917;264483;0,00346714
-1;31;F;10;11228;264483;0,0424526
-1;31;F;11;17016;264483;0,0643368
-1;31;M;0;4958;274600;0,0180554
-1;31;M;1;330;274600;0,00120175
-1;31;M;2;92482;274600;0,336788
-1;31;M;3;9246;274600;0,0336708
-1;31;M;4;7841;274600;0,0285543
-1;31;M;5;12635;274600;0,0460124
-1;31;M;6;95960;274600;0,349454
-1;31;M;7;6539;274600;0,0238128
-1;31;M;8;1495;274600;0,00544428
-1;31;M;9;3009;274600;0,0109578
-1;31;M;10;11528;274600;0,0419811
-1;31;M;11;17062;274600;0,0621340
-1;32;T;0;10994;534571;0,0205660
-1;32;T;1;381;534571;0,000712721
-1;32;T;2;158893;534571;0,297235
-1;32;T;3;20651;534571;0,0386310
-1;32;T;4;19170;534571;0,0358605
-1;32;T;5;33183;534571;0,0620741
-1;32;T;6;194581;534571;0,363995
-1;32;T;7;12914;534571;0,0241577
-1;32;T;8;2676;534571;0,00500588
-1;32;T;9;3743;534571;0,00700188
-1;32;T;10;22435;534571;0,0419682
-1;32;T;11;34036;534571;0,0636697
-1;32;F;0;5713;262391;0,0217729
-1;32;F;1;98;262391;0,000373488
-1;32;F;2;66829;262391;0,254692
-1;32;F;3;11339;262391;0,0432141
-1;32;F;4;11178;262391;0,0426005
-1;32;F;5;20191;262391;0,0769500
-1;32;F;6;100234;262391;0,382002
-1;32;F;7;7212;262391;0,0274857
-1;32;F;8;1258;262391;0,00479437
-1;32;F;9;877;262391;0,00334234
-1;32;F;10;11083;262391;0,0422385
-1;32;F;11;16854;262391;0,0642324
-1;32;M;0;5281;272180;0,0194026
-1;32;M;1;283;272180;0,00103975
-1;32;M;2;92064;272180;0,338247
-1;32;M;3;9312;272180;0,0342127
-1;32;M;4;7992;272180;0,0293629
-1;32;M;5;12992;272180;0,0477331
-1;32;M;6;94347;272180;0,346635
-1;32;M;7;5702;272180;0,0209494
-1;32;M;8;1418;272180;0,00520979
-1;32;M;9;2866;272180;0,0105298
-1;32;M;10;11352;272180;0,0417077
-1;32;M;11;17182;272180;0,0631273
-1;33;T;0;11139;558240;0,0199538
-1;33;T;1;407;558240;0,000729077
-1;33;T;2;160749;558240;0,287957
-1;33;T;3;21563;558240;0,0386268
-1;33;T;4;21627;558240;0,0387414
-1;33;T;5;35834;558240;0,0641910
-1;33;T;6;202069;558240;0,361975
-1;33;T;7;13856;558240;0,0248209
-1;33;T;8;2838;558240;0,00508383
-1;33;T;9;3434;558240;0,00615148
-1;33;T;10;23332;558240;0,0417956
-1;33;T;11;35764;558240;0,0640656
-1;33;F;0;5901;277538;0,0212620
-1;33;F;1;105;277538;0,000378327
-1;33;F;2;68116;277538;0,245429
-1;33;F;3;11966;277538;0,0431148
-1;33;F;4;12750;277538;0,0459397
-1;33;F;5;22093;277538;0,0796035
-1;33;F;6;105187;277538;0,379000
-1;33;F;7;7712;277538;0,0277872
-1;33;F;8;1304;277538;0,00469846
-1;33;F;9;853;277538;0,00307345
-1;33;F;10;11443;277538;0,0412304
-1;33;F;11;18196;277538;0,0655622
-1;33;M;0;5238;280702;0,0186604
-1;33;M;1;302;280702;0,00107587
-1;33;M;2;92633;280702;0,330005
-1;33;M;3;9597;280702;0,0341893
-1;33;M;4;8877;280702;0,0316243
-1;33;M;5;13741;280702;0,0489523
-1;33;M;6;96882;280702;0,345142
-1;33;M;7;6144;280702;0,0218880
-1;33;M;8;1534;280702;0,00546487
-1;33;M;9;2581;280702;0,00919480
-1;33;M;10;11889;280702;0,0423545
-1;33;M;11;17568;280702;0,0625859
-1;34;T;0;10311;556218;0,0185377
-1;34;T;1;457;556218;0,000821620
-1;34;T;2;160953;556218;0,289370
-1;34;T;3;21611;556218;0,0388535
-1;34;T;4;22276;556218;0,0400490
-1;34;T;5;35169;556218;0,0632288
-1;34;T;6;199282;556218;0,358280
-1;34;T;7;14113;556218;0,0253731
-1;34;T;8;2991;556218;0,00537739
-1;34;T;9;3030;556218;0,00544750
-1;34;T;10;23057;556218;0,0414532
-1;34;T;11;35153;556218;0,0632000
-1;34;F;0;5491;276147;0,0198843
-1;34;F;1;133;276147;0,000481628
-1;34;F;2;68161;276147;0,246829
-1;34;F;3;12053;276147;0,0436470
-1;34;F;4;13207;276147;0,0478260
-1;34;F;5;21614;276147;0,0782699
-1;34;F;6;103431;276147;0,374551
-1;34;F;7;7758;276147;0,0280937
-1;34;F;8;1393;276147;0,00504441
-1;34;F;9;704;276147;0,00254937
-1;34;F;10;11432;276147;0,0413982
-1;34;F;11;17654;276147;0,0639297
-1;34;M;0;4820;280071;0,0172099
-1;34;M;1;324;280071;0,00115685
-1;34;M;2;92792;280071;0,331316
-1;34;M;3;9558;280071;0,0341271
-1;34;M;4;9069;280071;0,0323811
-1;34;M;5;13555;280071;0,0483984
-1;34;M;6;95851;280071;0,342238
-1;34;M;7;6355;280071;0,0226907
-1;34;M;8;1598;280071;0,00570570
-1;34;M;9;2326;280071;0,00830504
-1;34;M;10;11625;280071;0,0415073
-1;34;M;11;17499;280071;0,0624806
-1;35;T;0;9857;544740;0,0180949
-1;35;T;1;359;544740;0,000659030
-1;35;T;2;163206;544740;0,299603
-1;35;T;3;20666;544740;0,0379374
-1;35;T;4;22102;544740;0,0405735
-1;35;T;5;34137;544740;0,0626666
-1;35;T;6;193285;544740;0,354821
-1;35;T;7;14068;544740;0,0258252
-1;35;T;8;2865;544740;0,00525939
-1;35;T;9;3055;544740;0,00560818
-1;35;T;10;22904;544740;0,0420457
-1;35;T;11;34532;544740;0,0633917
-1;35;F;0;5203;270478;0,0192363
-1;35;F;1;88;270478;0,000325350
-1;35;F;2;69567;270478;0,257200
-1;35;F;3;11380;270478;0,0420737
-1;35;F;4;13222;270478;0,0488838
-1;35;F;5;20961;270478;0,0774961
-1;35;F;6;100278;270478;0,370744
-1;35;F;7;7834;270478;0,0289635
-1;35;F;8;1358;270478;0,00502074
-1;35;F;9;758;270478;0,00280245
-1;35;F;10;11125;270478;0,0411309
-1;35;F;11;17658;270478;0,0652844
-1;35;M;0;4654;274262;0,0169692
-1;35;M;1;271;274262;0,000988106
-1;35;M;2;93639;274262;0,341422
-1;35;M;3;9286;274262;0,0338581
-1;35;M;4;8880;274262;0,0323778
-1;35;M;5;13176;274262;0,0480417
-1;35;M;6;93007;274262;0,339117
-1;35;M;7;6234;274262;0,0227301
-1;35;M;8;1507;274262;0,00549475
-1;35;M;9;2297;274262;0,00837520
-1;35;M;10;11779;274262;0,0429480
-1;35;M;11;16874;274262;0,0615251
